<?xml version="1.0" encoding="UTF-8"?>
<!-- This file contains the mapping of LIRC keys to XBMC keys used in Keymap.xml  -->
<!--                                                                              -->
<!-- How to add remotes                                                           -->
<!-- <remote device="name_Lirc_calls_the_remote">                                 -->
<!--                                                                              -->
<!-- For the commands the layout following layout is used                         -->
<!-- <XBMC_COMMAND>LircButtonName</XBMC_COMMAND>                                  -->
<!--                                                                              -->
<!-- For a list of XBMC_COMMAND's check out the <remote> sections of keymap.xml   -->

<lircmap>
	<remote device="X92">
		<left>KEY_LEFT</left>
		<right>KEY_RIGHT</right>
		<up>KEY_UP</up>
		<down>KEY_DOWN</down>
		<select>KEY_ENTER</select>
		<backspace>KEY_BACKSPACE</backspace>
		<escape>KEY_ESC</escape>
		<play>KEY_PLAYPAUSE</play>
		<forward>KEY_FASTFORWARD</forward>
		<reverse>KEY_REWIND</reverse>
		<volumeplus>KEY_VOLUMEUP</volumeplus>
		<volumeminus>KEY_VOLUMEDOWN</volumeminus>
		<epg>KEY_EPG</epg>
		<home>KEY_HOME</home>
		<config>KEY_CONFIG</config>
		<power>KEY_POWER</power>
		<menu>KEY_MENU</menu>
		<one>KEY_1</one>
		<two>KEY_2</two>
		<three>KEY_3</three>
		<four>KEY_4</four>
		<five>KEY_5</five>
		<six>KEY_6</six>
		<seven>KEY_7</seven>
		<eight>KEY_8</eight>
		<nine>KEY_9</nine>
		<zero>KEY_0</zero>
		<red>KEY_RED</red>
		<green>KEY_GREEN</green>
		<yellow>KEY_YELLOW</yellow>
		<blue>KEY_BLUE</blue>
		<favorites>KEY_FAVORITES</favorites>
	</remote>
</lircmap>
